cluster,comment_count,comment_ratio,cluster_weight,imdb_rating
0,6720,0.2785723168760105,683800.3233428679,8.7
1,9442,0.391410686896323,960780.1566969283,8.7
2,5530,0.22924180242921693,562710.6827509017,8.7
3,2431,0.10077519379844961,247368.83720930232,8.7
