cluster,YouTube_Pct,IMDb_Pct
0,27.857231687601047,31.818181818181817
1,39.141068689632306,59.09090909090909
2,22.924180242921693,9.090909090909092
3,10.077519379844961,0.0
