Motivation,Count,Ratio
Story & Narrative,724,0.3680732079308592
Cinematography,649,0.3299440772750381
Music,305,0.1550584646670056
Science & Philosophy,182,0.09252669039145907
Emotional Experience,107,0.05439755973563803
